client_id	path	sentence	up_votes	down_votes	age	gender	accents	variant	locale	segment
f8df32165ae35b8fa424b6847071e038ff35b7982ec54540d43f92c2728a29d6398f895e9769645c763899932af6c9edb6947d756297f6fb6f4b3c26d07494b0	common_voice_ko_35844068.mp3	동혁은 집으로 돌아와서도 기천이를 보러 갈 마음이 내키지 않았다.	1	2	thirties	male			ko	
f8df32165ae35b8fa424b6847071e038ff35b7982ec54540d43f92c2728a29d6398f895e9769645c763899932af6c9edb6947d756297f6fb6f4b3c26d07494b0	common_voice_ko_35844069.mp3	다양한 문장을 입력해야 한다.	1	2	thirties	male			ko	
f8df32165ae35b8fa424b6847071e038ff35b7982ec54540d43f92c2728a29d6398f895e9769645c763899932af6c9edb6947d756297f6fb6f4b3c26d07494b0	common_voice_ko_35844161.mp3	이서방은 요새 첫째가 만들어 준 나무다리를 짚고 그의 뒤를 따랐다.	1	2	thirties	male			ko	
f8df32165ae35b8fa424b6847071e038ff35b7982ec54540d43f92c2728a29d6398f895e9769645c763899932af6c9edb6947d756297f6fb6f4b3c26d07494b0	common_voice_ko_35844163.mp3	그리고 봇짐을 모두 한데 싸며 옥점의 하던 말을 다시금 되풀이하였다.	1	2	thirties	male			ko	
f8df32165ae35b8fa424b6847071e038ff35b7982ec54540d43f92c2728a29d6398f895e9769645c763899932af6c9edb6947d756297f6fb6f4b3c26d07494b0	common_voice_ko_35844227.mp3	어젯저녁만 해도 배고픈 것이 이렇게 견디기 어렵지는 않은 것 같았다.	1	2	thirties	male			ko	
f8df32165ae35b8fa424b6847071e038ff35b7982ec54540d43f92c2728a29d6398f895e9769645c763899932af6c9edb6947d756297f6fb6f4b3c26d07494b0	common_voice_ko_35844294.mp3	춘우는 책망하려던 생각이 영숙을 보자 풀어져 버리고 반갑고 시원해서 부드럽게 물었다.	1	2	thirties	male			ko	
f8df32165ae35b8fa424b6847071e038ff35b7982ec54540d43f92c2728a29d6398f895e9769645c763899932af6c9edb6947d756297f6fb6f4b3c26d07494b0	common_voice_ko_35844297.mp3	헌법개정안, 국민투표안, 조약안, 법률안 및 대통령령안	1	2	thirties	male			ko	
f8df32165ae35b8fa424b6847071e038ff35b7982ec54540d43f92c2728a29d6398f895e9769645c763899932af6c9edb6947d756297f6fb6f4b3c26d07494b0	common_voice_ko_35844397.mp3	나는 그를 밀어놓고 내가 대신하여 피아노 앞에 앉아서, 아까 베낀 그 음보를 펴 놓았습니다.	1	2	thirties	male			ko	
f8df32165ae35b8fa424b6847071e038ff35b7982ec54540d43f92c2728a29d6398f895e9769645c763899932af6c9edb6947d756297f6fb6f4b3c26d07494b0	common_voice_ko_35844473.mp3	놀라운 듯 눈을 크게 뜬다.	1	2	thirties	male			ko	
f8df32165ae35b8fa424b6847071e038ff35b7982ec54540d43f92c2728a29d6398f895e9769645c763899932af6c9edb6947d756297f6fb6f4b3c26d07494b0	common_voice_ko_35844474.mp3	우동 한 그릇씩 먹은 그들은 빵 몇 개를 사가지고 동무의 집까지 왔다.	1	2	thirties	male			ko	
f8df32165ae35b8fa424b6847071e038ff35b7982ec54540d43f92c2728a29d6398f895e9769645c763899932af6c9edb6947d756297f6fb6f4b3c26d07494b0	common_voice_ko_35844475.mp3	일하여 얻어라.	1	2	thirties	male			ko	
f8df32165ae35b8fa424b6847071e038ff35b7982ec54540d43f92c2728a29d6398f895e9769645c763899932af6c9edb6947d756297f6fb6f4b3c26d07494b0	common_voice_ko_35844477.mp3	그러나 그 환영은 순간으로 희미하게 사라졌다.	1	2	thirties	male			ko	
f8df32165ae35b8fa424b6847071e038ff35b7982ec54540d43f92c2728a29d6398f895e9769645c763899932af6c9edb6947d756297f6fb6f4b3c26d07494b0	common_voice_ko_35844531.mp3	그는 한참이나 서서 주위를 살피며 말할 수 없는 흥분과 감격을 느꼈다.	1	2	thirties	male			ko	
f8df32165ae35b8fa424b6847071e038ff35b7982ec54540d43f92c2728a29d6398f895e9769645c763899932af6c9edb6947d756297f6fb6f4b3c26d07494b0	common_voice_ko_35845599.mp3	옥점 어머니는 또 저 소리가 나오누나 하고 돌아서 나간다.	1	2	thirties	male			ko	
9042ad11a5f998870e26baea4ae6b4d4e3eea7df4802cc7d6981e1884982dbd59ec5ba248c91646df7dab7903360ec3429dfb9f2c1725b2d9fe15df999ff8ac9	common_voice_ko_35845801.mp3	윙 달려오고 달려가는 전차는 끊이지 않았다.	0	2	twenties	female			ko	
9042ad11a5f998870e26baea4ae6b4d4e3eea7df4802cc7d6981e1884982dbd59ec5ba248c91646df7dab7903360ec3429dfb9f2c1725b2d9fe15df999ff8ac9	common_voice_ko_35845935.mp3	첫째는 어머니가 나가는것을 보고 눈을 감았다.	1	2	twenties	female			ko	
f8df32165ae35b8fa424b6847071e038ff35b7982ec54540d43f92c2728a29d6398f895e9769645c763899932af6c9edb6947d756297f6fb6f4b3c26d07494b0	common_voice_ko_35845960.mp3	춘우는 당장에 철수가 옆에 있는 것처럼 주먹을 쥐고 별렀다.	1	2	thirties	male			ko	
9042ad11a5f998870e26baea4ae6b4d4e3eea7df4802cc7d6981e1884982dbd59ec5ba248c91646df7dab7903360ec3429dfb9f2c1725b2d9fe15df999ff8ac9	common_voice_ko_35845986.mp3	사람이 모든 다른 것은 속일 수가 있을는지 알수 없어도 나이는 못 속이느니.	0	2	twenties	female			ko	
9042ad11a5f998870e26baea4ae6b4d4e3eea7df4802cc7d6981e1884982dbd59ec5ba248c91646df7dab7903360ec3429dfb9f2c1725b2d9fe15df999ff8ac9	common_voice_ko_35846191.mp3	그리고 그의 품을 벗어나려고 몸을 꼬며 내려앉으려 하였다.	0	2	twenties	female			ko	
9042ad11a5f998870e26baea4ae6b4d4e3eea7df4802cc7d6981e1884982dbd59ec5ba248c91646df7dab7903360ec3429dfb9f2c1725b2d9fe15df999ff8ac9	common_voice_ko_35846647.mp3	더구나 등뒤에서 남이 말하는 것을 깊이 믿을 수 있을까?	1	2	twenties	female			ko	
f8df32165ae35b8fa424b6847071e038ff35b7982ec54540d43f92c2728a29d6398f895e9769645c763899932af6c9edb6947d756297f6fb6f4b3c26d07494b0	common_voice_ko_35847344.mp3	은희는 노래를 부르면서 어떤 냇가로 왔습니다.	1	2	thirties	male			ko	
f8df32165ae35b8fa424b6847071e038ff35b7982ec54540d43f92c2728a29d6398f895e9769645c763899932af6c9edb6947d756297f6fb6f4b3c26d07494b0	common_voice_ko_35847346.mp3	하고 훌쩍 뛰어나오려니까 환자는 붙잡을 듯이 팔을 내저으며	1	2	thirties	male			ko	
f8df32165ae35b8fa424b6847071e038ff35b7982ec54540d43f92c2728a29d6398f895e9769645c763899932af6c9edb6947d756297f6fb6f4b3c26d07494b0	common_voice_ko_35847675.mp3	붉은 끈들은 분주히 돌아가며 짐짝을 쇠갈고리로 대어서 지게 위에 실어 주었다.	0	2	thirties	male			ko	
f8df32165ae35b8fa424b6847071e038ff35b7982ec54540d43f92c2728a29d6398f895e9769645c763899932af6c9edb6947d756297f6fb6f4b3c26d07494b0	common_voice_ko_35847680.mp3	그 후부터 신철이는 노동시장에 나갈 생각을 단념하고 말았다.	0	2	thirties	male			ko	
f8df32165ae35b8fa424b6847071e038ff35b7982ec54540d43f92c2728a29d6398f895e9769645c763899932af6c9edb6947d756297f6fb6f4b3c26d07494b0	common_voice_ko_35847830.mp3	그는 춘우에 대하여서도 이와 같이 절대의 결심을 하여 본 일이 아직 없었다.	0	2	thirties	male			ko	
f8df32165ae35b8fa424b6847071e038ff35b7982ec54540d43f92c2728a29d6398f895e9769645c763899932af6c9edb6947d756297f6fb6f4b3c26d07494b0	common_voice_ko_35847833.mp3	일 원짜리 한 장을 꺼내어	1	2	thirties	male			ko	
f8df32165ae35b8fa424b6847071e038ff35b7982ec54540d43f92c2728a29d6398f895e9769645c763899932af6c9edb6947d756297f6fb6f4b3c26d07494b0	common_voice_ko_35848084.mp3	담배와 술잔은 보기만 하여도 발열하게 되었으니, 과연 병자로다.	0	2	thirties	male			ko	
f8df32165ae35b8fa424b6847071e038ff35b7982ec54540d43f92c2728a29d6398f895e9769645c763899932af6c9edb6947d756297f6fb6f4b3c26d07494b0	common_voice_ko_35848086.mp3	그의 어머니는 귀여운 듯이 영철이를 바라본다.	0	2	thirties	male			ko	
f8df32165ae35b8fa424b6847071e038ff35b7982ec54540d43f92c2728a29d6398f895e9769645c763899932af6c9edb6947d756297f6fb6f4b3c26d07494b0	common_voice_ko_35848151.mp3	청천의 벽력은 무심한 어린이들의 머리 위에 떨어졌다.	0	2	thirties	male			ko	
f8df32165ae35b8fa424b6847071e038ff35b7982ec54540d43f92c2728a29d6398f895e9769645c763899932af6c9edb6947d756297f6fb6f4b3c26d07494b0	common_voice_ko_35848220.mp3	그리고 어디서 불어오는 바람결에 모기 쑥내가 약간 코끝을 흔들어 준다.	0	2	thirties	male			ko	
f8df32165ae35b8fa424b6847071e038ff35b7982ec54540d43f92c2728a29d6398f895e9769645c763899932af6c9edb6947d756297f6fb6f4b3c26d07494b0	common_voice_ko_35848221.mp3	제 말마따나 십리나 되는 길을 비를 맞아 가며 질퍽거리고 온 생각은 아니하고	0	2	thirties	male			ko	
f8df32165ae35b8fa424b6847071e038ff35b7982ec54540d43f92c2728a29d6398f895e9769645c763899932af6c9edb6947d756297f6fb6f4b3c26d07494b0	common_voice_ko_35848270.mp3	한편으로 교인들은 예배당에 모여서 밤늦도록 기도를 올린다.	1	2	thirties	male			ko	
f8df32165ae35b8fa424b6847071e038ff35b7982ec54540d43f92c2728a29d6398f895e9769645c763899932af6c9edb6947d756297f6fb6f4b3c26d07494b0	common_voice_ko_35848271.mp3	지금이야 말로 싸울 때다.	0	2	thirties	male			ko	
f8df32165ae35b8fa424b6847071e038ff35b7982ec54540d43f92c2728a29d6398f895e9769645c763899932af6c9edb6947d756297f6fb6f4b3c26d07494b0	common_voice_ko_35848272.mp3	사회자는 연단에서 비켜 서며 손짓을 한다.	1	2	thirties	male			ko	
f8df32165ae35b8fa424b6847071e038ff35b7982ec54540d43f92c2728a29d6398f895e9769645c763899932af6c9edb6947d756297f6fb6f4b3c26d07494b0	common_voice_ko_35848356.mp3	선비는 어머니를 흔들며 다가앉아 어머니의 얼굴을 만져 보았다.	0	2	thirties	male			ko	
f8df32165ae35b8fa424b6847071e038ff35b7982ec54540d43f92c2728a29d6398f895e9769645c763899932af6c9edb6947d756297f6fb6f4b3c26d07494b0	common_voice_ko_35848399.mp3	나는 또 한 줄의 참회록을 써야한다.	0	2	thirties	male			ko	
f8df32165ae35b8fa424b6847071e038ff35b7982ec54540d43f92c2728a29d6398f895e9769645c763899932af6c9edb6947d756297f6fb6f4b3c26d07494b0	common_voice_ko_35848400.mp3	회원들은 멋도 모르고 동혁의 뒤를 따랐다.	0	2	thirties	male			ko	
11de7650ea154d750479727cb5723efa18cdf35e19c9edebf0f2bd080c40a565d74dfb10371f5d7d78453eb15ec684220f0e1bb394ca70bc6b348ba54c889c74	common_voice_ko_35850234.mp3	나의 교훈을 받지 아니하고 나의 모든 책망을 업신여겼음이라	2	2	thirties	male	Seoul		ko	
b8dfc7ff00a7a00b25617524829a5acd6e93fa1c09060e3d7570a481e8e061ae5862a974cc1c02f913839e5b84a3e4f3c198ae604ca1c08cd75d183d201516b9	common_voice_ko_35866060.mp3	그리고 보리알 같은 이를 잡아 내기 시작하였다.	0	2					ko	
f8df32165ae35b8fa424b6847071e038ff35b7982ec54540d43f92c2728a29d6398f895e9769645c763899932af6c9edb6947d756297f6fb6f4b3c26d07494b0	common_voice_ko_35890607.mp3	이제는 발길까지 무거워지고 그리고 숨결이 무섭게 뛰놀았다.	1	2	thirties	male			ko	
f8df32165ae35b8fa424b6847071e038ff35b7982ec54540d43f92c2728a29d6398f895e9769645c763899932af6c9edb6947d756297f6fb6f4b3c26d07494b0	common_voice_ko_35890611.mp3	그는 밤송이 동무의 집까지 왔으나 그 를 만나지 못하였다.	0	2	thirties	male			ko	
f8df32165ae35b8fa424b6847071e038ff35b7982ec54540d43f92c2728a29d6398f895e9769645c763899932af6c9edb6947d756297f6fb6f4b3c26d07494b0	common_voice_ko_35890633.mp3	선비는 누가 볼세라 하여 얼른 종이를 입 속에 넣어 씹었다.	1	2	thirties	male			ko	
f8df32165ae35b8fa424b6847071e038ff35b7982ec54540d43f92c2728a29d6398f895e9769645c763899932af6c9edb6947d756297f6fb6f4b3c26d07494b0	common_voice_ko_35890727.mp3	마루에 불빛이 가로질리며 영철의 머리 그림자가 동그랗게 떨어진다.	0	2	thirties	male			ko	
f8df32165ae35b8fa424b6847071e038ff35b7982ec54540d43f92c2728a29d6398f895e9769645c763899932af6c9edb6947d756297f6fb6f4b3c26d07494b0	common_voice_ko_35890729.mp3	이는 지혜와 훈계를 알게 하며 명철의 말씀을 깨닫게 하며	0	2	thirties	male			ko	
f8df32165ae35b8fa424b6847071e038ff35b7982ec54540d43f92c2728a29d6398f895e9769645c763899932af6c9edb6947d756297f6fb6f4b3c26d07494b0	common_voice_ko_35890732.mp3	그리고 눈을 내리뜨며 무릎 위에 그의 큰 손을 올려놓았다.	0	2	thirties	male			ko	
f8df32165ae35b8fa424b6847071e038ff35b7982ec54540d43f92c2728a29d6398f895e9769645c763899932af6c9edb6947d756297f6fb6f4b3c26d07494b0	common_voice_ko_35890735.mp3	그때 마루 위를 누가 걸어오는 소리가 나더니 바스스 방문이 열렸다.	0	2	thirties	male			ko	
f8df32165ae35b8fa424b6847071e038ff35b7982ec54540d43f92c2728a29d6398f895e9769645c763899932af6c9edb6947d756297f6fb6f4b3c26d07494b0	common_voice_ko_35890771.mp3	울바자 끝에는 흰 빨래가 눈이 와서 덮인 것처럼 새하얗다.	0	2	thirties	male			ko	
f8df32165ae35b8fa424b6847071e038ff35b7982ec54540d43f92c2728a29d6398f895e9769645c763899932af6c9edb6947d756297f6fb6f4b3c26d07494b0	common_voice_ko_35890842.mp3	두 사람은 방향을 정하지 못하고 아현리 편짝으로 나란히 서서 걷는다.	0	2	thirties	male			ko	
f8df32165ae35b8fa424b6847071e038ff35b7982ec54540d43f92c2728a29d6398f895e9769645c763899932af6c9edb6947d756297f6fb6f4b3c26d07494b0	common_voice_ko_35890884.mp3	영숙도 아무 말 없이 춘우의 손을 따라 쥐었다.	0	2	thirties	male			ko	
f8df32165ae35b8fa424b6847071e038ff35b7982ec54540d43f92c2728a29d6398f895e9769645c763899932af6c9edb6947d756297f6fb6f4b3c26d07494b0	common_voice_ko_35890925.mp3	이렇게 중얼거리며 빨간 문을 시름없이 바라보았다.	0	2	thirties	male			ko	
f8df32165ae35b8fa424b6847071e038ff35b7982ec54540d43f92c2728a29d6398f895e9769645c763899932af6c9edb6947d756297f6fb6f4b3c26d07494b0	common_voice_ko_35891102.mp3	그는 요새 밤마다 이 집 주위를 한 번씩 둘러 가곤 하였다.	0	2	thirties	male			ko	
f8df32165ae35b8fa424b6847071e038ff35b7982ec54540d43f92c2728a29d6398f895e9769645c763899932af6c9edb6947d756297f6fb6f4b3c26d07494b0	common_voice_ko_35891106.mp3	무섭게 해어진 보자기 사이로 금방 캐온듯한 싱싱한 소태나무 뿌리가 삐죽삐죽 나와 있었다.	0	2	thirties	male			ko	
f8df32165ae35b8fa424b6847071e038ff35b7982ec54540d43f92c2728a29d6398f895e9769645c763899932af6c9edb6947d756297f6fb6f4b3c26d07494b0	common_voice_ko_35891184.mp3	또는 저를 위하여 귀찮게 군 때도 있었으니까요.	1	2	thirties	male			ko	
f8df32165ae35b8fa424b6847071e038ff35b7982ec54540d43f92c2728a29d6398f895e9769645c763899932af6c9edb6947d756297f6fb6f4b3c26d07494b0	common_voice_ko_35891246.mp3	자신의 본성이 어떤 것이든 그에 충실하라.	0	2	thirties	male			ko	
f8df32165ae35b8fa424b6847071e038ff35b7982ec54540d43f92c2728a29d6398f895e9769645c763899932af6c9edb6947d756297f6fb6f4b3c26d07494b0	common_voice_ko_35891311.mp3	김첨지의 말에 의지하면 그 오라질 년이 천방지축으로 냄비에 대고 끓였다.	0	2	thirties	male			ko	
f8df32165ae35b8fa424b6847071e038ff35b7982ec54540d43f92c2728a29d6398f895e9769645c763899932af6c9edb6947d756297f6fb6f4b3c26d07494b0	common_voice_ko_35891315.mp3	졸음이 오므로 일어나기 싫어서 할멈은 이렇게 말하였다.	0	2	thirties	male			ko	
f8df32165ae35b8fa424b6847071e038ff35b7982ec54540d43f92c2728a29d6398f895e9769645c763899932af6c9edb6947d756297f6fb6f4b3c26d07494b0	common_voice_ko_35891361.mp3	내가 어제부터 전화기가 먹통이라서 말이야.	1	2	thirties	male			ko	
f8df32165ae35b8fa424b6847071e038ff35b7982ec54540d43f92c2728a29d6398f895e9769645c763899932af6c9edb6947d756297f6fb6f4b3c26d07494b0	common_voice_ko_35891393.mp3	첫째는 먹은 것도 없이 먹었다는 말만 들으니 기가 막혔다.	0	2	thirties	male			ko	
f8df32165ae35b8fa424b6847071e038ff35b7982ec54540d43f92c2728a29d6398f895e9769645c763899932af6c9edb6947d756297f6fb6f4b3c26d07494b0	common_voice_ko_35891433.mp3	부르는 말소리를 주저하는 중에도 반가움이 넘치었다.	0	2	thirties	male			ko	
f8df32165ae35b8fa424b6847071e038ff35b7982ec54540d43f92c2728a29d6398f895e9769645c763899932af6c9edb6947d756297f6fb6f4b3c26d07494b0	common_voice_ko_35891438.mp3	자기도 몇 술 주어서 같이 먹었다면 이렇게 가슴은 아프지 않았으리라는 생각이 들었던 것이다.	1	2	thirties	male			ko	
f8df32165ae35b8fa424b6847071e038ff35b7982ec54540d43f92c2728a29d6398f895e9769645c763899932af6c9edb6947d756297f6fb6f4b3c26d07494b0	common_voice_ko_35891445.mp3	선비 어머니는 주인 영감을 눈앞에 그리며 이렇게 중얼거렸다.	0	2	thirties	male			ko	
f8df32165ae35b8fa424b6847071e038ff35b7982ec54540d43f92c2728a29d6398f895e9769645c763899932af6c9edb6947d756297f6fb6f4b3c26d07494b0	common_voice_ko_35891447.mp3	그 순간에 신철이는 저 퍼런 물에라도 뛰어들어서 이 자리를 벗어나고 싶었다.	0	2	thirties	male			ko	
f8df32165ae35b8fa424b6847071e038ff35b7982ec54540d43f92c2728a29d6398f895e9769645c763899932af6c9edb6947d756297f6fb6f4b3c26d07494b0	common_voice_ko_35891558.mp3	꽃필무렵이다마는 아직도 제법 쌀쌀한 바람이 늦게 돌아오는 마을 장꾼들의 홑두루마기 자락 속으로 기어든다.	0	2	thirties	male			ko	
f8df32165ae35b8fa424b6847071e038ff35b7982ec54540d43f92c2728a29d6398f895e9769645c763899932af6c9edb6947d756297f6fb6f4b3c26d07494b0	common_voice_ko_35891647.mp3	넓은 들에 그득히 담겼던 봄볕은 어느덧 사라지고	0	2	thirties	male			ko	
f8df32165ae35b8fa424b6847071e038ff35b7982ec54540d43f92c2728a29d6398f895e9769645c763899932af6c9edb6947d756297f6fb6f4b3c26d07494b0	common_voice_ko_35891714.mp3	모든 국민은 양심의 자유를 가진다.	0	2	thirties	male			ko	
f8df32165ae35b8fa424b6847071e038ff35b7982ec54540d43f92c2728a29d6398f895e9769645c763899932af6c9edb6947d756297f6fb6f4b3c26d07494b0	common_voice_ko_35891860.mp3	그는 이렇게 뚝 잘라 말하며 다시 머리를 숙였다.	0	2	thirties	male			ko	
f8df32165ae35b8fa424b6847071e038ff35b7982ec54540d43f92c2728a29d6398f895e9769645c763899932af6c9edb6947d756297f6fb6f4b3c26d07494b0	common_voice_ko_35892026.mp3	그의 뜨거운 숨결은 그의 볼에 따끈따끈하게 부딪친다.	0	2	thirties	male			ko	
f8df32165ae35b8fa424b6847071e038ff35b7982ec54540d43f92c2728a29d6398f895e9769645c763899932af6c9edb6947d756297f6fb6f4b3c26d07494b0	common_voice_ko_35892129.mp3	창하는 어느 때까지든지 냉정한 생각으로 말을 하였다.	0	2	thirties	male			ko	
f8df32165ae35b8fa424b6847071e038ff35b7982ec54540d43f92c2728a29d6398f895e9769645c763899932af6c9edb6947d756297f6fb6f4b3c26d07494b0	common_voice_ko_35892164.mp3	딴전을 부리며 서녘 하늘을 쳐다본다.	0	2	thirties	male			ko	
b7721ad7c6d1d0a9e0aabe2539a2b70dbc2a2306ef0d56fcc89b9d42afef0f3143538109aa29d6f721e2fbbcf3af081bf91d47bc924d881d56bc7a8f20811f46	common_voice_ko_35904928.mp3	공장에서 기계 소리는 요란스레 울려 나온다.	0	2	twenties	male			ko	
b7721ad7c6d1d0a9e0aabe2539a2b70dbc2a2306ef0d56fcc89b9d42afef0f3143538109aa29d6f721e2fbbcf3af081bf91d47bc924d881d56bc7a8f20811f46	common_voice_ko_35922966.mp3	그래서 편지봉투만 이리저리 만지다가 풍헌을 주었다.	1	2					ko	
b7721ad7c6d1d0a9e0aabe2539a2b70dbc2a2306ef0d56fcc89b9d42afef0f3143538109aa29d6f721e2fbbcf3af081bf91d47bc924d881d56bc7a8f20811f46	common_voice_ko_35923128.mp3	이러한 가운데 고이 소학과 중학도 마치었습니다	1	2					ko	
b7721ad7c6d1d0a9e0aabe2539a2b70dbc2a2306ef0d56fcc89b9d42afef0f3143538109aa29d6f721e2fbbcf3af081bf91d47bc924d881d56bc7a8f20811f46	common_voice_ko_35923266.mp3	그것은 두 사람의 평생을 두고 잊으려야 잊을 수 없는 무한히 정다운 추억이었다.	1	2					ko	
f8df32165ae35b8fa424b6847071e038ff35b7982ec54540d43f92c2728a29d6398f895e9769645c763899932af6c9edb6947d756297f6fb6f4b3c26d07494b0	common_voice_ko_35969013.mp3	여호와 하나님이 아담을 부르시며 그에게 이르시되 네가 어디 있느냐	0	2	thirties	male			ko	
f8df32165ae35b8fa424b6847071e038ff35b7982ec54540d43f92c2728a29d6398f895e9769645c763899932af6c9edb6947d756297f6fb6f4b3c26d07494b0	common_voice_ko_35969049.mp3	그러나 외삼촌이 다니는 사무소의 문은 굳게 닫혀 있지 않은가.	0	2	thirties	male			ko	
f8df32165ae35b8fa424b6847071e038ff35b7982ec54540d43f92c2728a29d6398f895e9769645c763899932af6c9edb6947d756297f6fb6f4b3c26d07494b0	common_voice_ko_35969072.mp3	그리고 이 동네 개 짐승까지라도 이 물을 먹고 살아가는 것이다.	1	2	thirties	male			ko	
f8df32165ae35b8fa424b6847071e038ff35b7982ec54540d43f92c2728a29d6398f895e9769645c763899932af6c9edb6947d756297f6fb6f4b3c26d07494b0	common_voice_ko_35969126.mp3	식당에서 가케우동 한 그릇을 먹은 신철이는 여전히 도서실로 들어왔다.	0	2	thirties	male			ko	
f8df32165ae35b8fa424b6847071e038ff35b7982ec54540d43f92c2728a29d6398f895e9769645c763899932af6c9edb6947d756297f6fb6f4b3c26d07494b0	common_voice_ko_35969127.mp3	선비도 이 말에는 어쩐지 가슴이 찌르르 하였다.	1	2	thirties	male			ko	
f8df32165ae35b8fa424b6847071e038ff35b7982ec54540d43f92c2728a29d6398f895e9769645c763899932af6c9edb6947d756297f6fb6f4b3c26d07494b0	common_voice_ko_35969160.mp3	나중에 들어오는 동무가 선비를 쳐다보며 주저앉는다.	0	2	thirties	male			ko	
f8df32165ae35b8fa424b6847071e038ff35b7982ec54540d43f92c2728a29d6398f895e9769645c763899932af6c9edb6947d756297f6fb6f4b3c26d07494b0	common_voice_ko_35969162.mp3	그는 나무 밑에 꼭 숨어 서 서 사람이 있는가 없는가를 훑어보았다.	0	2	thirties	male			ko	
f8df32165ae35b8fa424b6847071e038ff35b7982ec54540d43f92c2728a29d6398f895e9769645c763899932af6c9edb6947d756297f6fb6f4b3c26d07494b0	common_voice_ko_35969213.mp3	너무도 하루 종일 들볶여서 어리뻥뻥할 뿐이고 아무런 생각도 나지 않았다.	0	2	thirties	male			ko	
f8df32165ae35b8fa424b6847071e038ff35b7982ec54540d43f92c2728a29d6398f895e9769645c763899932af6c9edb6947d756297f6fb6f4b3c26d07494b0	common_voice_ko_35969311.mp3	의사는 한 삼십 분 뒤에야 인력거로 달려왔다.	0	2	thirties	male			ko	
f8df32165ae35b8fa424b6847071e038ff35b7982ec54540d43f92c2728a29d6398f895e9769645c763899932af6c9edb6947d756297f6fb6f4b3c26d07494b0	common_voice_ko_35969404.mp3	비명을 지르며 상체를 펄쩍 솟치다가 불에나 데인 것처럼 온몸을 오그라뜨린다.	0	2	thirties	male			ko	
f8df32165ae35b8fa424b6847071e038ff35b7982ec54540d43f92c2728a29d6398f895e9769645c763899932af6c9edb6947d756297f6fb6f4b3c26d07494b0	common_voice_ko_35969406.mp3	선을 행치 아니하면 죄가 문에 엎드리느니라	1	2	thirties	male			ko	
f8df32165ae35b8fa424b6847071e038ff35b7982ec54540d43f92c2728a29d6398f895e9769645c763899932af6c9edb6947d756297f6fb6f4b3c26d07494b0	common_voice_ko_35969444.mp3	이번에는 감독이 눈도 거들떠보지 않고 지나간다.	0	2	thirties	male			ko	
f8df32165ae35b8fa424b6847071e038ff35b7982ec54540d43f92c2728a29d6398f895e9769645c763899932af6c9edb6947d756297f6fb6f4b3c26d07494b0	common_voice_ko_35969617.mp3	그러나 덕호에게서 맞은 것이 원인이 되었다고는 꿈에도 생각해 본 적이 없었다.	0	2	thirties	male			ko	
f8df32165ae35b8fa424b6847071e038ff35b7982ec54540d43f92c2728a29d6398f895e9769645c763899932af6c9edb6947d756297f6fb6f4b3c26d07494b0	common_voice_ko_35969659.mp3	볼을 불룩거리며 또 곱빼기 두 잔을 부어라 하였다.	0	2	thirties	male			ko	
f8df32165ae35b8fa424b6847071e038ff35b7982ec54540d43f92c2728a29d6398f895e9769645c763899932af6c9edb6947d756297f6fb6f4b3c26d07494b0	common_voice_ko_35969712.mp3	그는 안동으로 별궁 앞 넓은 뜰에 나섰다.	1	2	thirties	male			ko	
f8df32165ae35b8fa424b6847071e038ff35b7982ec54540d43f92c2728a29d6398f895e9769645c763899932af6c9edb6947d756297f6fb6f4b3c26d07494b0	common_voice_ko_35969830.mp3	기차는 그믐밤의 어둠을 가르며 북으로 북으로 숨가쁘게 달린다.	0	2	thirties	male			ko	
f8df32165ae35b8fa424b6847071e038ff35b7982ec54540d43f92c2728a29d6398f895e9769645c763899932af6c9edb6947d756297f6fb6f4b3c26d07494b0	common_voice_ko_35969919.mp3	재봉틀을 돌리는 선비의 뒷모양을 흘금 바라보며 덕호는 마루로 올라왔다.	0	2	thirties	male			ko	
f8df32165ae35b8fa424b6847071e038ff35b7982ec54540d43f92c2728a29d6398f895e9769645c763899932af6c9edb6947d756297f6fb6f4b3c26d07494b0	common_voice_ko_35969920.mp3	덕호는 눈을 번쩍 뜨고 할멈과 선비를 보았다.	0	2	thirties	male			ko	
f8df32165ae35b8fa424b6847071e038ff35b7982ec54540d43f92c2728a29d6398f895e9769645c763899932af6c9edb6947d756297f6fb6f4b3c26d07494b0	common_voice_ko_35970010.mp3	그리고 우리는 그 밤중에 울리어 오는 야성적 선율에 몸을 소스라치고 하였습니다.	0	2	thirties	male			ko	
f8df32165ae35b8fa424b6847071e038ff35b7982ec54540d43f92c2728a29d6398f895e9769645c763899932af6c9edb6947d756297f6fb6f4b3c26d07494b0	common_voice_ko_35970119.mp3	그들의 입 모습에는 일종의 비웃음이 떠돌았다.	0	2	thirties	male			ko	
f8df32165ae35b8fa424b6847071e038ff35b7982ec54540d43f92c2728a29d6398f895e9769645c763899932af6c9edb6947d756297f6fb6f4b3c26d07494b0	common_voice_ko_35970156.mp3	이제 그것으로 병원에까지 가면 도리어 빚을 지게 될 것이다.	0	2	thirties	male			ko	
f8df32165ae35b8fa424b6847071e038ff35b7982ec54540d43f92c2728a29d6398f895e9769645c763899932af6c9edb6947d756297f6fb6f4b3c26d07494b0	common_voice_ko_35970248.mp3	그의 다리는 사시나무 떨리듯 부들부들 떨렸다.	0	2	thirties	male			ko	
f8df32165ae35b8fa424b6847071e038ff35b7982ec54540d43f92c2728a29d6398f895e9769645c763899932af6c9edb6947d756297f6fb6f4b3c26d07494b0	common_voice_ko_35970252.mp3	신철이는 방 안에 선비가 앉았는가 하여 얼굴이 화끈 다는 것을 느꼈다.	0	2	thirties	male			ko	
f8df32165ae35b8fa424b6847071e038ff35b7982ec54540d43f92c2728a29d6398f895e9769645c763899932af6c9edb6947d756297f6fb6f4b3c26d07494b0	common_voice_ko_35970302.mp3	이 말을 미루어 감독 자기네끼리도 의심하는 모양이다.	0	2	thirties	male			ko	
f8df32165ae35b8fa424b6847071e038ff35b7982ec54540d43f92c2728a29d6398f895e9769645c763899932af6c9edb6947d756297f6fb6f4b3c26d07494b0	common_voice_ko_35970305.mp3	그의 가슴은 시기와 분함과 더러움으로 찼었다.	1	2	thirties	male			ko	
f8df32165ae35b8fa424b6847071e038ff35b7982ec54540d43f92c2728a29d6398f895e9769645c763899932af6c9edb6947d756297f6fb6f4b3c26d07494b0	common_voice_ko_35970436.mp3	김첨지의 풍채하고는 기이한 대상을 짓고 있었다.	0	2	thirties	male			ko	
f8df32165ae35b8fa424b6847071e038ff35b7982ec54540d43f92c2728a29d6398f895e9769645c763899932af6c9edb6947d756297f6fb6f4b3c26d07494b0	common_voice_ko_35970486.mp3	선비는 이불을 덮어놓고 나서 등불 앞으로 왔다.	0	2	thirties	male			ko	
f8df32165ae35b8fa424b6847071e038ff35b7982ec54540d43f92c2728a29d6398f895e9769645c763899932af6c9edb6947d756297f6fb6f4b3c26d07494b0	common_voice_ko_35970603.mp3	다만 담 밑에 수챗구멍으로 낸 구멍만이 몇 개 있을 뿐이다.	0	2	thirties	male			ko	
f8df32165ae35b8fa424b6847071e038ff35b7982ec54540d43f92c2728a29d6398f895e9769645c763899932af6c9edb6947d756297f6fb6f4b3c26d07494b0	common_voice_ko_35970606.mp3	그러나 자기를 싸고도 는 환경만은 이렇게 쓸쓸하고 고적만 하였다.	0	2	thirties	male			ko	
f8df32165ae35b8fa424b6847071e038ff35b7982ec54540d43f92c2728a29d6398f895e9769645c763899932af6c9edb6947d756297f6fb6f4b3c26d07494b0	common_voice_ko_35970758.mp3	미련한 아들은 그 아비의 재앙이요 다투는 아내는 이어 떨어지는 물방울이니라	1	2	thirties	male			ko	
f8df32165ae35b8fa424b6847071e038ff35b7982ec54540d43f92c2728a29d6398f895e9769645c763899932af6c9edb6947d756297f6fb6f4b3c26d07494b0	common_voice_ko_35970830.mp3	정거장을 떠나는 그의 발길은 힘 하나 없었다.	0	2	thirties	male			ko	
f8df32165ae35b8fa424b6847071e038ff35b7982ec54540d43f92c2728a29d6398f895e9769645c763899932af6c9edb6947d756297f6fb6f4b3c26d07494b0	common_voice_ko_35970878.mp3	춘우는 흥분이 되어 먹지 않던 술을 마시기 시작하였다.	1	2	thirties	male			ko	
f8df32165ae35b8fa424b6847071e038ff35b7982ec54540d43f92c2728a29d6398f895e9769645c763899932af6c9edb6947d756297f6fb6f4b3c26d07494b0	common_voice_ko_35970879.mp3	먹고 싶은 것을 다 먹는 것은 그렇게 재미있지 않다.	1	2	thirties	male			ko	
f8df32165ae35b8fa424b6847071e038ff35b7982ec54540d43f92c2728a29d6398f895e9769645c763899932af6c9edb6947d756297f6fb6f4b3c26d07494b0	common_voice_ko_35970880.mp3	솨르르 탁탁 튀어나는 벼알은 그의 볼을 가볍게 후려치고 떨어진다.	0	2	thirties	male			ko	
f8df32165ae35b8fa424b6847071e038ff35b7982ec54540d43f92c2728a29d6398f895e9769645c763899932af6c9edb6947d756297f6fb6f4b3c26d07494b0	common_voice_ko_35970919.mp3	선비는 아무래도 이 밤을 새워 일할 것 같지가 않았다.	0	2	thirties	male			ko	
f8df32165ae35b8fa424b6847071e038ff35b7982ec54540d43f92c2728a29d6398f895e9769645c763899932af6c9edb6947d756297f6fb6f4b3c26d07494b0	common_voice_ko_35970993.mp3	기천은 눈만 깜짝깜짝하고 담배를 붙여 물었다 부벼 껐다 하며 속으로 안간힘만 쓰고 앉았다.	0	2	thirties	male			ko	
f8df32165ae35b8fa424b6847071e038ff35b7982ec54540d43f92c2728a29d6398f895e9769645c763899932af6c9edb6947d756297f6fb6f4b3c26d07494b0	common_voice_ko_35970999.mp3	근로의 정신은 깃들어	1	2	thirties	male			ko	
f8df32165ae35b8fa424b6847071e038ff35b7982ec54540d43f92c2728a29d6398f895e9769645c763899932af6c9edb6947d756297f6fb6f4b3c26d07494b0	common_voice_ko_35971277.mp3	그는 시계를 바라보면서 감독이 이리로 오면 말하겠다 하고 생각하였다.	1	2	thirties	male			ko	
f8df32165ae35b8fa424b6847071e038ff35b7982ec54540d43f92c2728a29d6398f895e9769645c763899932af6c9edb6947d756297f6fb6f4b3c26d07494b0	common_voice_ko_35971321.mp3	그러자 어디서 인지 신발 소리가 가볍게 들려온다.	1	2	thirties	male			ko	
f8df32165ae35b8fa424b6847071e038ff35b7982ec54540d43f92c2728a29d6398f895e9769645c763899932af6c9edb6947d756297f6fb6f4b3c26d07494b0	common_voice_ko_35971322.mp3	모든 것을 우리 두 사람은 단념합시다.	0	2	thirties	male			ko	
f8df32165ae35b8fa424b6847071e038ff35b7982ec54540d43f92c2728a29d6398f895e9769645c763899932af6c9edb6947d756297f6fb6f4b3c26d07494b0	common_voice_ko_35971397.mp3	별 하나에 쓸쓸함과	1	2	thirties	male			ko	
f8df32165ae35b8fa424b6847071e038ff35b7982ec54540d43f92c2728a29d6398f895e9769645c763899932af6c9edb6947d756297f6fb6f4b3c26d07494b0	common_voice_ko_35971560.mp3	이때 간난이는 벌떡 일어나서 감독의 말을 일일이 반박하고 싶은 흥분을 가슴이 뜨겁도록 느끼었다.	0	2	thirties	male			ko	
f8df32165ae35b8fa424b6847071e038ff35b7982ec54540d43f92c2728a29d6398f895e9769645c763899932af6c9edb6947d756297f6fb6f4b3c26d07494b0	common_voice_ko_35971938.mp3	그믐밤보다도 좀 나을는지 말는지 할 땅거미 들 이른 저녁이었다.	1	2	thirties	male			ko	
f8df32165ae35b8fa424b6847071e038ff35b7982ec54540d43f92c2728a29d6398f895e9769645c763899932af6c9edb6947d756297f6fb6f4b3c26d07494b0	common_voice_ko_35971940.mp3	동양 속담 말에, 외밭서는 신 끈도 다시 매지 말랬으니, 그 신사가 책임을 질까요?	0	2	thirties	male			ko	
897b535f658feb33db2e3ccfb7319e149e3cdf93f2c388f8e9902f990fd0c2d3e8afab65a2addf46327b62cca6458d0de68be60b17183d88c951ebebd94e89bf	common_voice_ko_35972031.mp3	창하의 짓궂이 묻는 것은 놀려먹자는 수작이다.	0	2	teens	male			ko	
f8df32165ae35b8fa424b6847071e038ff35b7982ec54540d43f92c2728a29d6398f895e9769645c763899932af6c9edb6947d756297f6fb6f4b3c26d07494b0	common_voice_ko_35972060.mp3	눈동자까지 게게 풀린 것이 막걸리 사발이나 좋이 들이켠 모양이다.	0	2	thirties	male			ko	
f8df32165ae35b8fa424b6847071e038ff35b7982ec54540d43f92c2728a29d6398f895e9769645c763899932af6c9edb6947d756297f6fb6f4b3c26d07494b0	common_voice_ko_35972197.mp3	옷이 이슬에 젖어서 축축하여지며 풀이 죽어 온다.	0	2	thirties	male			ko	
f8df32165ae35b8fa424b6847071e038ff35b7982ec54540d43f92c2728a29d6398f895e9769645c763899932af6c9edb6947d756297f6fb6f4b3c26d07494b0	common_voice_ko_35972199.mp3	사이렌이 난 것을 짐작하여 아마 오후 세시나 두시 반은 넉넉히 되었으리라고 하였다.	0	2	thirties	male			ko	
f8df32165ae35b8fa424b6847071e038ff35b7982ec54540d43f92c2728a29d6398f895e9769645c763899932af6c9edb6947d756297f6fb6f4b3c26d07494b0	common_voice_ko_35972246.mp3	거기 대하여서는 이따가 설명하리다.	0	2	thirties	male			ko	
f8df32165ae35b8fa424b6847071e038ff35b7982ec54540d43f92c2728a29d6398f895e9769645c763899932af6c9edb6947d756297f6fb6f4b3c26d07494b0	common_voice_ko_35972590.mp3	그는 눈결에 보니 남녀는 저편 화초 진열장으로 들어간다.	0	2	thirties	male			ko	
f8df32165ae35b8fa424b6847071e038ff35b7982ec54540d43f92c2728a29d6398f895e9769645c763899932af6c9edb6947d756297f6fb6f4b3c26d07494b0	common_voice_ko_35972881.mp3	제 눈에 안경이다	0	2	thirties	male			ko	
f8df32165ae35b8fa424b6847071e038ff35b7982ec54540d43f92c2728a29d6398f895e9769645c763899932af6c9edb6947d756297f6fb6f4b3c26d07494b0	common_voice_ko_35972977.mp3	가부동수인 때에는 부결된 것으로 본다.	0	2	thirties	male			ko	
f8df32165ae35b8fa424b6847071e038ff35b7982ec54540d43f92c2728a29d6398f895e9769645c763899932af6c9edb6947d756297f6fb6f4b3c26d07494b0	common_voice_ko_35972980.mp3	그는 으흠 하는 아버지의 기침소리에 안방을 흘금 바라보고나서 구두를 벗고 방문을 열었다.	0	2	thirties	male			ko	
f8df32165ae35b8fa424b6847071e038ff35b7982ec54540d43f92c2728a29d6398f895e9769645c763899932af6c9edb6947d756297f6fb6f4b3c26d07494b0	common_voice_ko_35973062.mp3	재주가 많은 사람은 뭐 하나 제대로 하는게 없다	1	2	thirties	male			ko	
4c3cb7bd59f77881af20788a72524f244293bbe1f796f2fe6d107d9cf581273d68bb403175a01119d0d6b28b4aaa4f10cc154c7e1e11a6bb0c828587dbd0f4d5	common_voice_ko_36314520.mp3	옥점 어머니는 마루에 올라서며 이렇게 물었다.	0	2	twenties	female			ko	
4c3cb7bd59f77881af20788a72524f244293bbe1f796f2fe6d107d9cf581273d68bb403175a01119d0d6b28b4aaa4f10cc154c7e1e11a6bb0c828587dbd0f4d5	common_voice_ko_36314522.mp3	그리고 그것을 피하기 위하여 일부러 옛날을 회상 해 보았다.	0	2	twenties	female			ko	
4c3cb7bd59f77881af20788a72524f244293bbe1f796f2fe6d107d9cf581273d68bb403175a01119d0d6b28b4aaa4f10cc154c7e1e11a6bb0c828587dbd0f4d5	common_voice_ko_36314569.mp3	그는 바스켓 속에 감추어 가지고 왔던 조그만 손풍금을 꺼냈다.	0	2	twenties	female			ko	
4c3cb7bd59f77881af20788a72524f244293bbe1f796f2fe6d107d9cf581273d68bb403175a01119d0d6b28b4aaa4f10cc154c7e1e11a6bb0c828587dbd0f4d5	common_voice_ko_36314571.mp3	불같이 타오르는 질투의 마음으로는 당장에 무슨 일이든지 내고야 말 것 같았다.	0	2	twenties	female			ko	
4c3cb7bd59f77881af20788a72524f244293bbe1f796f2fe6d107d9cf581273d68bb403175a01119d0d6b28b4aaa4f10cc154c7e1e11a6bb0c828587dbd0f4d5	common_voice_ko_36314572.mp3	그러나 이 아침부터는 너무 배가 고파서 운신을 할 수가 없다.	0	2	twenties	female			ko	
4c3cb7bd59f77881af20788a72524f244293bbe1f796f2fe6d107d9cf581273d68bb403175a01119d0d6b28b4aaa4f10cc154c7e1e11a6bb0c828587dbd0f4d5	common_voice_ko_36314574.mp3	간난이는 바람에 흔들리지 않으려고 머리까지 담에 꼭 붙이고 휘파람 소리를 분간하여 들으려 하였다.	0	2	twenties	female			ko	
4c3cb7bd59f77881af20788a72524f244293bbe1f796f2fe6d107d9cf581273d68bb403175a01119d0d6b28b4aaa4f10cc154c7e1e11a6bb0c828587dbd0f4d5	common_voice_ko_36314586.mp3	더구나 오늘 독서회에서 여자 교제에 관한 것을 토의하던 것이 얼핏 떠올랐다.	1	2	twenties	female			ko	
4c3cb7bd59f77881af20788a72524f244293bbe1f796f2fe6d107d9cf581273d68bb403175a01119d0d6b28b4aaa4f10cc154c7e1e11a6bb0c828587dbd0f4d5	common_voice_ko_36314591.mp3	설성월은 자못 감구의 회포가 있는 표정으로 이야기를 하였다.	0	2	twenties	female			ko	
4c3cb7bd59f77881af20788a72524f244293bbe1f796f2fe6d107d9cf581273d68bb403175a01119d0d6b28b4aaa4f10cc154c7e1e11a6bb0c828587dbd0f4d5	common_voice_ko_36314603.mp3	동무는 술이 취하여 비칠비칠하며 첫째를 흘겨보았다.	0	2	twenties	female			ko	
4c3cb7bd59f77881af20788a72524f244293bbe1f796f2fe6d107d9cf581273d68bb403175a01119d0d6b28b4aaa4f10cc154c7e1e11a6bb0c828587dbd0f4d5	common_voice_ko_36314609.mp3	그는 나뭇가지 곁으로 와서 우두커니 서 있었다.	0	2	twenties	female			ko	
4c3cb7bd59f77881af20788a72524f244293bbe1f796f2fe6d107d9cf581273d68bb403175a01119d0d6b28b4aaa4f10cc154c7e1e11a6bb0c828587dbd0f4d5	common_voice_ko_36314621.mp3	한참이나 우두커니 섰던 감독은 이불을 끌어당겨서 푹 씌워 주었다.	1	2	twenties	female			ko	
4c3cb7bd59f77881af20788a72524f244293bbe1f796f2fe6d107d9cf581273d68bb403175a01119d0d6b28b4aaa4f10cc154c7e1e11a6bb0c828587dbd0f4d5	common_voice_ko_36314633.mp3	그러한 야성은 그의 음악 속에 풍부히 잠겨 있어서	0	2	twenties	female			ko	
4c3cb7bd59f77881af20788a72524f244293bbe1f796f2fe6d107d9cf581273d68bb403175a01119d0d6b28b4aaa4f10cc154c7e1e11a6bb0c828587dbd0f4d5	common_voice_ko_36314655.mp3	가능성 뿐은 있다.	0	2	twenties	female			ko	
4c3cb7bd59f77881af20788a72524f244293bbe1f796f2fe6d107d9cf581273d68bb403175a01119d0d6b28b4aaa4f10cc154c7e1e11a6bb0c828587dbd0f4d5	common_voice_ko_36314657.mp3	선비는 어머니가 좀 잠이 든 듯하여 등불 곁으로 왔다.	0	2	twenties	female			ko	
4c3cb7bd59f77881af20788a72524f244293bbe1f796f2fe6d107d9cf581273d68bb403175a01119d0d6b28b4aaa4f10cc154c7e1e11a6bb0c828587dbd0f4d5	common_voice_ko_36314667.mp3	따라서 선비를 만나 무슨 말을 할까 하고 생각해 보았다.	0	2	twenties	female			ko	
4c3cb7bd59f77881af20788a72524f244293bbe1f796f2fe6d107d9cf581273d68bb403175a01119d0d6b28b4aaa4f10cc154c7e1e11a6bb0c828587dbd0f4d5	common_voice_ko_36314675.mp3	춘우는 불현 듯이 인우가 보고 싶었다.	0	2	twenties	female			ko	
4c3cb7bd59f77881af20788a72524f244293bbe1f796f2fe6d107d9cf581273d68bb403175a01119d0d6b28b4aaa4f10cc154c7e1e11a6bb0c828587dbd0f4d5	common_voice_ko_36314676.mp3	그리고 뒤로 그런 행렬이 또 오는가 하여 주의를 게을리하지 않았다.	1	2	twenties	female			ko	
c4d69c5c4bec8d97cc487aa063a0af96d54ab7cfd27c555e75eafd26dc1d6532280da8f19ecdcf5479fe33bb3dd948def130961013fe1c2892c16d8c241a1bf1	common_voice_ko_36326825.mp3	그러나 그 한 때를 최선을 다해 최대한으로 살수 있어야 한다.	0	2	teens	female			ko	
c4d69c5c4bec8d97cc487aa063a0af96d54ab7cfd27c555e75eafd26dc1d6532280da8f19ecdcf5479fe33bb3dd948def130961013fe1c2892c16d8c241a1bf1	common_voice_ko_36326828.mp3	그러나 이렇게 마주앉고 보니 그럴 사나이 같지도 않았다.	0	2	teens	female			ko	
c261edb3e8300c5958ab25ad71a18171a56f521f5bd18ce93d7fd0eb7d11970969fc06dd8b35ad6f4860ac07d0d2756b2402031ea5e8d5b24befa80ae15d3436	common_voice_ko_36396943.mp3	새로 핀 수세미외꽃이 노랗게 울바자를 덮었다.	0	2	fourties	male			ko	
5c00cb41b34dc9b18696f4e8bd21ba0ab17083ad89b8ce31025ae50c4e0d2a11861ea6883a37ab8c317fbdc6610ec4e6c0fdab0e921a75f153a7f5bb21d9425c	common_voice_ko_36455840.mp3	더구나 결혼 상대가 맘에 들지 않으니 그것은 두말할 여지가 없었다.	1	2	fourties	male			ko	
d15728f62ac0fb6d1a02a8072e4442e5438acfefb05e5557b75567cfbf03a39abd02680a07e29e1e431d36c884cd512cc410e7e58a713e4d992ee61217899fe2	common_voice_ko_36478086.mp3	일 주일 가량이 지나서 영숙과 춘우 사이의 화평과 행복은 다시 예전처럼 회복 되었다.	0	2					ko	
20cab45f0432a6e96e3ecaceef71149c21bbc7fd1559b8aa1152319ef7530bf98f08d3f5592b3b96321e08ee4132c2b818beb0f0ea9a48987d9d778aa8f28567	common_voice_ko_36506459.mp3	나도 그 때에 그 불을 보고 차차 흥이 났습니다.	0	2					ko	
c2ad0ed6d7ab661e227c698f3660ff77c2acb51e905a77877ad01cb51933769cb89e3f1cf8446568213c348981456854e0d8727510b91a17ed0186379247bb18	common_voice_ko_36524265.mp3	이번에는 마음조차 초조해 온다.	0	2					ko	
96f3b3b43777e680b24237dc65432e05faa56a9d1ccf14fe8e8ff6c6f5d75a23dfd71f75a782c1e1c4724eee428d331da8318d25b10cd2411aa105a6fc006351	common_voice_ko_36524884.mp3	뚫어지도록 들여다본 신철이는 외눈까풀이가 기색이 전만 못한 것 같아서 이렇게 물었다.	0	2	twenties	male			ko	
8c2dfe4972254a90be39fcd0ad3803ace47f4985a54c11608bce0277a2a7b0b27a93d6e101431c5573b639c1377d4da8445014268c2116b0b1716b70ff0cddb5	common_voice_ko_36549582.mp3	다시 한번 청석골을 떠날 결심을 하였다.	0	2	fourties	male	일반적인 성인 남성 		ko	
8c2dfe4972254a90be39fcd0ad3803ace47f4985a54c11608bce0277a2a7b0b27a93d6e101431c5573b639c1377d4da8445014268c2116b0b1716b70ff0cddb5	common_voice_ko_36549614.mp3	그는 편지를 뜯은 채로 다시 피봉에다 넣었다.	0	2	fourties	male	일반적인 성인 남성 		ko	
8c2dfe4972254a90be39fcd0ad3803ace47f4985a54c11608bce0277a2a7b0b27a93d6e101431c5573b639c1377d4da8445014268c2116b0b1716b70ff0cddb5	common_voice_ko_36549620.mp3	그리고 할멈 보고 무슨 말을 더 물어 보려다가 그만 돌아서서 방으로 들어갔다.	0	2	fourties	male	일반적인 성인 남성 		ko	
8c2dfe4972254a90be39fcd0ad3803ace47f4985a54c11608bce0277a2a7b0b27a93d6e101431c5573b639c1377d4da8445014268c2116b0b1716b70ff0cddb5	common_voice_ko_36590124.mp3	한 번 실패와 영원한 실패를 혼동하지 마라.	0	2			일반적인 성인 남성 		ko	
8c2dfe4972254a90be39fcd0ad3803ace47f4985a54c11608bce0277a2a7b0b27a93d6e101431c5573b639c1377d4da8445014268c2116b0b1716b70ff0cddb5	common_voice_ko_36590130.mp3	그때에 김첨지는 대수롭지 않은 듯이	0	2			일반적인 성인 남성 		ko	
3f3d92676cd260ad75fffc17366f87283d4eeb4bd04a2978bb773c5f990a1360b6e58dfcc4784b7d4695ea214b3a022a986ac89d9added03313888e2afc99105	common_voice_ko_36802525.mp3	저는 전과 조금도 변함이 없이 춘우 씨를 사랑 합니다.	0	2	teens	male			ko	
3f3d92676cd260ad75fffc17366f87283d4eeb4bd04a2978bb773c5f990a1360b6e58dfcc4784b7d4695ea214b3a022a986ac89d9added03313888e2afc99105	common_voice_ko_36802526.mp3	유서방은 비칠거리는 덕호의 손을 붙들고 들어와서 아랫목에 앉힌다.	0	2	teens	male			ko	
c261edb3e8300c5958ab25ad71a18171a56f521f5bd18ce93d7fd0eb7d11970969fc06dd8b35ad6f4860ac07d0d2756b2402031ea5e8d5b24befa80ae15d3436	common_voice_ko_36832965.mp3	우리 각자의 꿈은 각각의 말들이 게이트에 들어서고 있습니다.	0	2	fourties	male			ko	
c6d812c8e94ecbb24fae83f2cd97e626f074b18a28f27bfdbdcd9038e80ef241e5fa751e85dd1ef11043d7966ea9deb57ff69e5398b4a84d3dbfe01b80c60684	common_voice_ko_36880089.mp3	거짓 증인은 패망하려니와 확실한 증인의 말은 힘이 있느니라	0	2	twenties	male	서울		ko	
c6d812c8e94ecbb24fae83f2cd97e626f074b18a28f27bfdbdcd9038e80ef241e5fa751e85dd1ef11043d7966ea9deb57ff69e5398b4a84d3dbfe01b80c60684	common_voice_ko_36880094.mp3	고등학교 때 단짝이었던 문영미 씨를 찾습니다.	0	2	twenties	male	서울		ko	
c6ea915bc1573d5253873335a07670c60dfe75546918f591b700e4a992ab7e44ab084bd752b3e69e197900cfa2e45e1f094af17209d83b5065456069e71aa84e	common_voice_ko_36880326.mp3	마음속에 숨어 있는 커다란 수심 때문에, 잠이 든 지 얼마 되지 못하여 번쩍 눈을 떴다.	0	2	twenties	female	서울		ko	
f8df32165ae35b8fa424b6847071e038ff35b7982ec54540d43f92c2728a29d6398f895e9769645c763899932af6c9edb6947d756297f6fb6f4b3c26d07494b0	common_voice_ko_36899369.mp3	팔십 전을 손에 쥔 김 첨지의 마음은 푼푼하였다	0	2	thirties	male			ko	
f8df32165ae35b8fa424b6847071e038ff35b7982ec54540d43f92c2728a29d6398f895e9769645c763899932af6c9edb6947d756297f6fb6f4b3c26d07494b0	common_voice_ko_36899375.mp3	모든 국민은 종교의 자유를 가진다.	1	2	thirties	male			ko	
f8df32165ae35b8fa424b6847071e038ff35b7982ec54540d43f92c2728a29d6398f895e9769645c763899932af6c9edb6947d756297f6fb6f4b3c26d07494b0	common_voice_ko_36899437.mp3	차는 브레이크 소리를 지겹게 내며 우뚝 섰다.	0	2	thirties	male			ko	
f8df32165ae35b8fa424b6847071e038ff35b7982ec54540d43f92c2728a29d6398f895e9769645c763899932af6c9edb6947d756297f6fb6f4b3c26d07494b0	common_voice_ko_36899447.mp3	김 첨지는 어랍시요 하고 물러섰다.	0	2	thirties	male			ko	
f8df32165ae35b8fa424b6847071e038ff35b7982ec54540d43f92c2728a29d6398f895e9769645c763899932af6c9edb6947d756297f6fb6f4b3c26d07494b0	common_voice_ko_36899464.mp3	오늘도 왜놈이 왔으니 기운껏 호령을 하시오.	0	2	thirties	male			ko	
f8df32165ae35b8fa424b6847071e038ff35b7982ec54540d43f92c2728a29d6398f895e9769645c763899932af6c9edb6947d756297f6fb6f4b3c26d07494b0	common_voice_ko_36899470.mp3	멀리 낙조를 바라보며 옥점의 안달나 덤비던 장면이 떠올랐던 것이다.	0	2	thirties	male			ko	
f8df32165ae35b8fa424b6847071e038ff35b7982ec54540d43f92c2728a29d6398f895e9769645c763899932af6c9edb6947d756297f6fb6f4b3c26d07494b0	common_voice_ko_36899474.mp3	자기 자식이 자기를 아무렇게 괴롭게 하더라도 변하지 않는 것은 어머니의 사랑일 것이다.	0	2	thirties	male			ko	
f8df32165ae35b8fa424b6847071e038ff35b7982ec54540d43f92c2728a29d6398f895e9769645c763899932af6c9edb6947d756297f6fb6f4b3c26d07494b0	common_voice_ko_36899476.mp3	여보게 돈 떨어졌네, 왜 돈을 막 끼얹나.	0	2	thirties	male			ko	
f8df32165ae35b8fa424b6847071e038ff35b7982ec54540d43f92c2728a29d6398f895e9769645c763899932af6c9edb6947d756297f6fb6f4b3c26d07494b0	common_voice_ko_36984495.mp3	사랑하는 이는 눈물로 만나서 눈물로 헤어지는 법 입니다.	0	2	thirties	male			ko	
f8df32165ae35b8fa424b6847071e038ff35b7982ec54540d43f92c2728a29d6398f895e9769645c763899932af6c9edb6947d756297f6fb6f4b3c26d07494b0	common_voice_ko_36984559.mp3	율법을 지키는 자는 지혜로운 아들이요 탐식자를 사귀는 자는 아비를 욕되게 하는 자니라	0	2	thirties	male			ko	
f8df32165ae35b8fa424b6847071e038ff35b7982ec54540d43f92c2728a29d6398f895e9769645c763899932af6c9edb6947d756297f6fb6f4b3c26d07494b0	common_voice_ko_36984561.mp3	어머니는 여전히 뭐라고 몹시 떠들면서 운다.	0	2	thirties	male			ko	
f8df32165ae35b8fa424b6847071e038ff35b7982ec54540d43f92c2728a29d6398f895e9769645c763899932af6c9edb6947d756297f6fb6f4b3c26d07494b0	common_voice_ko_36984562.mp3	그래서 제가 프론트에 갔다 왔습니다	0	2	thirties	male			ko	
f8df32165ae35b8fa424b6847071e038ff35b7982ec54540d43f92c2728a29d6398f895e9769645c763899932af6c9edb6947d756297f6fb6f4b3c26d07494b0	common_voice_ko_36984569.mp3	도톨도톨한 조약돌이나 그렇지 않으면 흙이 깔려 있어야만 할 엉덩이 밑에	0	2	thirties	male			ko	
f8df32165ae35b8fa424b6847071e038ff35b7982ec54540d43f92c2728a29d6398f895e9769645c763899932af6c9edb6947d756297f6fb6f4b3c26d07494b0	common_voice_ko_36984570.mp3	그런 게 아냐.	0	2	thirties	male			ko	
f8df32165ae35b8fa424b6847071e038ff35b7982ec54540d43f92c2728a29d6398f895e9769645c763899932af6c9edb6947d756297f6fb6f4b3c26d07494b0	common_voice_ko_36984575.mp3	야단을 쳤다.	0	2	thirties	male			ko	
f8df32165ae35b8fa424b6847071e038ff35b7982ec54540d43f92c2728a29d6398f895e9769645c763899932af6c9edb6947d756297f6fb6f4b3c26d07494b0	common_voice_ko_36984596.mp3	타인을 위하여 보증이 된 자의 옷을 취하라 외인들의 보증이 된자는 그 몸을 볼모로 잡힐지니라	0	2	thirties	male			ko	
f8df32165ae35b8fa424b6847071e038ff35b7982ec54540d43f92c2728a29d6398f895e9769645c763899932af6c9edb6947d756297f6fb6f4b3c26d07494b0	common_voice_ko_36984599.mp3	어리석은 자의 퇴보는 자기를 죽이며 미련한 자의 안일은 자기를 멸망시키려니와	0	2	thirties	male			ko	
f8df32165ae35b8fa424b6847071e038ff35b7982ec54540d43f92c2728a29d6398f895e9769645c763899932af6c9edb6947d756297f6fb6f4b3c26d07494b0	common_voice_ko_36984602.mp3	한참 동안이나 엎치락뒤치락하며 홀로 고민을 하였다.	0	2	thirties	male			ko	
f8df32165ae35b8fa424b6847071e038ff35b7982ec54540d43f92c2728a29d6398f895e9769645c763899932af6c9edb6947d756297f6fb6f4b3c26d07494b0	common_voice_ko_36984604.mp3	투표를 마칩니다.	0	2	thirties	male			ko	
f8df32165ae35b8fa424b6847071e038ff35b7982ec54540d43f92c2728a29d6398f895e9769645c763899932af6c9edb6947d756297f6fb6f4b3c26d07494b0	common_voice_ko_36984961.mp3	온 턱과 뺨을 시커멓게 구레나룻이 덮였거늘 노르탱탱한 얼굴이 바짝 말랐다	0	2	thirties	male			ko	
f8df32165ae35b8fa424b6847071e038ff35b7982ec54540d43f92c2728a29d6398f895e9769645c763899932af6c9edb6947d756297f6fb6f4b3c26d07494b0	common_voice_ko_36984963.mp3	중문밖을 나서니 유서방의 방에 불이 발갛다.	0	2	thirties	male			ko	
f8df32165ae35b8fa424b6847071e038ff35b7982ec54540d43f92c2728a29d6398f895e9769645c763899932af6c9edb6947d756297f6fb6f4b3c26d07494b0	common_voice_ko_36984965.mp3	동혁은 그 말대답을 할 수 없었다.	0	2	thirties	male			ko	
f8df32165ae35b8fa424b6847071e038ff35b7982ec54540d43f92c2728a29d6398f895e9769645c763899932af6c9edb6947d756297f6fb6f4b3c26d07494b0	common_voice_ko_36985022.mp3	누워서 떡 먹기	1	2	thirties	male			ko	
f8df32165ae35b8fa424b6847071e038ff35b7982ec54540d43f92c2728a29d6398f895e9769645c763899932af6c9edb6947d756297f6fb6f4b3c26d07494b0	common_voice_ko_36985183.mp3	그때 사무실 문소리가 요란스레 나며 감독이 아래층으로 내려가는 구둣발 소리가 들린다.	0	2	thirties	male			ko	
8d276f1d22440a8a5528926927a57cb2bc275802b28a2195dcfbf3d22086099dc935bdf3aeab3d0ab897353740681680bac98b9de1e2a91d3f872f5f5e38b4b6	common_voice_ko_37159830.mp3	자기를 살려 준 은인이나 무엇같이 고맙기도 하였다.	2	2	twenties	male	reading book		ko	
8066f7d362f4b24e6a83eeeeaa86fb8187ae21861265d98a21be92eccb2b3a0e47bfa2dd1937991b3452ac86a04d160f51d6cb971f1c8aca34a31c701f64f0d7	common_voice_ko_37185324.mp3	우리들로 하여금 뜻하지 않게 일어나게 하고 하였습니다.	0	2					ko	
8c2dfe4972254a90be39fcd0ad3803ace47f4985a54c11608bce0277a2a7b0b27a93d6e101431c5573b639c1377d4da8445014268c2116b0b1716b70ff0cddb5	common_voice_ko_38203481.mp3	혀끝을 내둘러 보이면서 밥상을 차린다.	0	2	fourties	male	일반적인 성인 남성 		ko	
